id,student_id,course_id,semester,year,grade
1,200000001,YEQ0132,S2,2023,4.0
2,200000001,OFQ0858,S2,2023,6.0
3,200000001,TNU2322,S1,2023,10.5
4,200000001,BKF0194,S2,2023,4.0
5,200000002,QOK6075,S1,2023,9.5
6,200000002,TNU2322,S1,2023,5.0
7,200000002,IXU9991,S2,2023,5.0
8,200000003,YEQ0132,S1,2023,7.0
9,200000003,HAT7239,S2,2023,5.5
10,200000004,BCY2747,S1,2023,6.5
11,200000004,JLT6168,S2,2023,5.0
12,200000005,TNU2322,S2,2023,9.5
13,200000005,IXU9991,S1,2023,8.0
14,200000006,BKF0194,S1,2023,10.5
15,200000006,HAT7239,S1,2023,8.0
16,200000006,JLT6168,S2,2023,4.
17,200000007,HAT7239,S2,2023,4.0
18,200000007,JLT6168,S2,2023,10.5
19,200000008,TPU8379,S1,2023,9.5
20,200000008,QOK6075,S1,2023,7.5
21,200000008,QAO4647,S2,2023,8.0
22,200000009,HAT7239,S2,2023,10.5
23,200000009,YEQ0132,S2,2023,6.5
24,200000009,TPU8379,S2,2023,6.0
25,200000009,BKF0194,S1,2023,7.5
26,200000010,OJF0985,S2,2023,7.5
27,200000010,QAO4647,S1,2023,4.5
28,200000010,OFQ0858,S2,2023,7.0
29,200000011,IXU9991,S2,2023,9.0
30,200000011,BCY2747,S2,2023,9.0
31,200000012,TVC5316,S2,2023,4.0
32,200000012,OFQ0858,S1,2023,8.0
33,200000013,TPU8379,S2,2023,6.0
34,200000013,OJF0985,S1,2023,5.5
35,200000013,BCY2747,S1,2023,10.5
36,200000013,ZVL3575,S1,2023,8.0
37,200000014,TPU8379,S1,2023,4.0
38,200000014,BCY2747,S2,2023,4.0
39,200000015,BKF0194,S2,2023,5.0
40,200000015,OFQ0858,S2,2023,4.0
41,200000015,OJF0985,S1,2023,8.0
42,200000016,JLT6168,S2,2023,8.5
43,200000016,EKU7170,S1,2023,8.0
44,200000016,TPU8379,S1,2023,5.0
45,200000016,TNU2322,S2,2023,9.5
46,200000017,JLT6168,S1,2023,5.5
47,200000017,TPU8379,S1,2023,7.5
48,200000017,HAT7239,S2,2023,9.5
49,200000018,OFQ0858,S2,2023,8.0
50,200000018,TPU8379,S1,2023,10.5
51,200000018,TPU8379,S1,2023,8.0
52,200000019,IXU9991,S2,2023,5.0
53,200000019,TPU8379,S1,2023,8.0
54,200000019,BCY2747,S2,2023,7.0
55,200000020,IXU9991,S2,2023,9.5
56,200000020,QOK6075,S2,2023,4.0
57,200000020,BKF0194,S2,2023,9.5
58,200000021,EKU7170,S1,2023,9.5
59,200000021,HAT7239,S2,2023,8.5
60,200000021,ZVL3575,S2,2023,9.0
61,200000021,JLT6168,S2,2023,4.5
62,200000022,TNU2322,S1,2023,8.0
63,200000022,QOK6075,S1,2023,7.5
64,200000023,BCY2747,S1,2023,6.0
65,200000023,OFQ0858,S1,2023,9.5
66,200000023,QAO4647,S1,2023,8.5
67,200000023,TVC5316,S2,2023,8.0
68,200000024,TPU8379,S2,2023,9.5
69,200000024,JLT6168,S2,2023,9.5
70,200000025,IXU9991,S1,2023,7.5
71,200000025,EKU7170,S2,2023,9.5
72,200000026,JLT6168,S1,2023,6.5
73,200000026,YEQ0132,S2,2023,4.0
74,200000026,BCY2747,S1,2023,8.5
75,200000027,ZVL3575,S2,2023,4.0
76,200000027,QOK6075,S1,2023,7.0
77,200000027,OJF0985,S2,2023,5.5
78,200000028,BCY2747,S1,2023,9.5
79,200000028,BCY2747,S1,2023,9.0
80,200000029,TVC5316,S2,2023,5.5
81,200000029,TNU2322,S1,2023,10.5
82,200000029,OFQ0858,S1,2023,5.0
83,200000030,HAT7239,S2,2023,5.5
84,200000030,OJF0985,S1,2023,7.5
85,200000030,YEQ0132,S1,2023,9.0
86,200000030,TPU8379,S1,2023,5.5
87,200000031,OJF0985,S1,2023,7.5
88,200000031,QOK6075,S1,2023,9.5
89,200000032,JLT6168,S2,2023,6.0
90,200000032,IXU9991,S1,2023,4.0
91,200000032,YEQ0132,S2,2023,7.5
92,200000032,BKF0194,S1,2023,6.5
93,200000033,BKF0194,S2,2023,9.0
94,200000033,IXU9991,S2,2023,9.5
95,200000033,HAT7239,S2,2023,6.5
96,200000034,QAO4647,S1,2023,5.5
97,200000034,BCY2747,S2,2023,8.0
98,200000034,TNU2322,S2,2023,8.5
99,200000035,BKF0194,S1,2023,4.5
100,200000035,ZVL3575,S2,2023,7.5
101,200000035,BCY2747,S1,2023,8.5
102,200000036,TPU8379,S1,2023,8.5
103,200000036,EKU7170,S2,2023,10.5
104,200000037,QOK6075,S2,2023,10.5
105,200000037,HAT7239,S1,2023,6.0
106,200000037,TVC5316,S1,2023,6.5
107,200000038,BKF0194,S1,2023,10.5
108,200000038,JLT6168,S2,2023,6.0
109,200000038,OFQ0858,S2,2023,9.5
110,200000039,IXU9991,S1,2023,9.0
111,200000039,EKU7170,S2,2023,9.0
112,200000039,QAO4647,S2,2023,5.5
113,200000039,TVC5316,S1,2023,7.0
114,200000040,TVC5316,S2,2023,6.0
115,200000040,OFQ0858,S2,2023,10.5
116,200000041,TVC5316,S1,2023,7.5
117,200000041,TVC5316,S1,2023,5.0
118,200000041,TVC5316,S1,2023,5.5
119,200000041,BCY2747,S2,2023,5.0
120,200000042,YEQ0132,S1,2023,4.0
121,200000042,ZVL3575,S2,2023,5.5
122,200000042,BCY2747,S2,2023,7.0
123,200000043,OFQ0858,S2,2023,7.5
124,200000043,HAT7239,S2,2023,4.0
125,200000043,TNU2322,S1,2023,9.5
126,200000043,BCY2747,S1,2023,5.5
127,200000044,TVC5316,S1,2023,5.0
128,200000044,TVC5316,S1,2023,6.0
129,200000045,OJF0985,S1,2023,4.0
130,200000045,YEQ0132,S1,2023,6.5
131,200000046,QOK6075,S2,2023,8.0
132,200000046,EKU7170,S2,2023,4.5
133,200000046,IXU9991,S2,2023,7.0
134,200000047,OJF0985,S1,2023,5.0
135,200000047,BKF0194,S1,2023,8.5
136,200000047,HAT7239,S2,2023,10.5
137,200000048,TPU8379,S2,2023,9.0
138,200000048,OFQ0858,S2,2023,9.0
139,200000048,JLT6168,S2,2023,5.0
140,200000048,TNU2322,S1,2023,4.5
141,200000049,TPU8379,S2,2023,7.5
142,200000049,YEQ0132,S2,2023,7.0
143,200000049,YEQ0132,S1,2023,4.5
144,200000049,BKF0194,S2,2023,7.5
145,200000050,ZVL3575,S2,2023,9.5
146,200000050,EKU7170,S2,2023,7.5
147,200000051,HAT7239,S2,2023,5.0
148,200000051,ZVL3575,S2,2023,5.5
149,200000051,TNU2322,S2,2023,6.5
150,200000051,HAT7239,S1,2023,4.5
151,200000052,BKF0194,S2,2023,8.5
152,200000052,JLT6168,S2,2023,7.5
153,200000053,JLT6168,S2,2023,6.5
154,200000053,OFQ0858,S1,2023,9.5
155,200000054,TVC5316,S2,2023,8.5
156,200000054,IXU9991,S1,2023,9.0
157,200000054,QAO4647,S2,2023,5.0
158,200000055,OJF0985,S2,2023,6.0
159,200000055,QAO4647,S2,2023,7.0
160,200000056,BKF0194,S2,2023,6.0
161,200000056,TPU8379,S2,2023,9.5
162,200000057,HAT7239,S1,2023,7.0
163,200000057,JLT6168,S1,2023,5.5
164,200000058,OJF0985,S2,2023,6.0
165,200000058,TPU8379,S2,2023,8.0
166,200000058,OFQ0858,S2,2023,10.5
167,200000058,ZVL3575,S1,2023,4.5
168,200000059,OJF0985,S2,2023,4.0
169,200000059,TNU2322,S1,2023,9.5
170,200000059,QOK6075,S1,2023,7.0
171,200000060,EKU7170,S1,2023,4.0
172,200000060,IXU9991,S1,2023,7.0
173,200000060,YEQ0132,S1,2023,4.5
174,200000061,TNU2322,S2,2023,6.0
175,200000061,TPU8379,S2,2023,4.5
176,200000061,OFQ0858,S2,2023,7.5
177,200000062,QOK6075,S2,2023,8.0
178,200000062,IXU9991,S2,2023,7.0
179,200000062,TPU8379,S2,2023,9.5
180,200000063,TVC5316,S2,2023,8.5
181,200000063,ZVL3575,S2,2023,8.5
182,200000063,OJF0985,S2,2023,4.0
183,200000063,QAO4647,S1,2023,9.5
184,200000064,OFQ0858,S2,2023,7.5
185,200000064,ZVL3575,S2,2023,8.5
186,200000064,ZVL3575,S1,2023,8.0
187,200000065,JLT6168,S1,2023,7.5
188,200000065,QAO4647,S1,2023,5.5
189,200000065,IXU9991,S1,2023,8.5
190,200000065,JLT6168,S1,2023,8.5
191,200000066,EKU7170,S1,2023,10.5
192,200000066,JLT6168,S2,2023,10.5
193,200000066,TNU2322,S2,2023,9.0
194,200000067,TNU2322,S1,2023,8.5
195,200000067,TNU2322,S2,2023,8.0
196,200000067,YEQ0132,S1,2023,4.5
197,200000067,JLT6168,S2,2023,9.5
198,200000068,OJF0985,S2,2023,6.5
199,200000068,HAT7239,S2,2023,6.5
200,200000068,OFQ0858,S2,2023,5.0
201,200000069,BKF0194,S1,2023,4.0
202,200000069,TVC5316,S1,2023,8.5
203,200000069,IXU9991,S2,2023,5.0
204,200000070,QAO4647,S2,2023,4.5
205,200000070,HAT7239,S1,2023,5.5
206,200000070,QOK6075,S2,2023,6.5
207,200000070,OFQ0858,S2,2023,9.0
208,200000071,IXU9991,S1,2023,7.5
209,200000071,TNU2322,S1,2023,6.0
210,200000071,QOK6075,S1,2023,8.5
211,200000071,OJF0985,S2,2023,6.5
212,200000072,YEQ0132,S2,2023,7.5
213,200000072,EKU7170,S1,2023,10.5
214,200000072,IXU9991,S2,2023,8.0
215,200000072,IXU9991,S2,2023,5.0
216,200000073,IXU9991,S1,2023,4.5
217,200000073,ZVL3575,S1,2023,9.5
218,200000073,TVC5316,S2,2023,5.5
219,200000073,EKU7170,S1,2023,7.5
220,200000074,YEQ0132,S2,2023,8.5
221,200000074,QAO4647,S1,2023,4.5
222,200000075,TPU8379,S1,2023,8.5
223,200000075,TNU2322,S2,2023,7.0
224,200000075,TPU8379,S1,2023,5.0
225,200000075,OJF0985,S1,2023,5.5
226,200000076,ZVL3575,S2,2023,4.0
227,200000076,ZVL3575,S2,2023,8.0
228,200000077,IXU9991,S1,2023,4.5
229,200000077,TNU2322,S1,2023,4.0
230,200000078,JLT6168,S1,2023,8.5
231,200000078,OJF0985,S1,2023,9.5
232,200000079,QAO4647,S1,2023,9.5
233,200000079,QOK6075,S1,2023,8.5
234,200000080,TVC5316,S1,2023,8.5
235,200000080,ZVL3575,S2,2023,5.5
236,200000081,IXU9991,S2,2023,5.0
237,200000081,QAO4647,S2,2023,5.0
238,200000081,QAO4647,S1,2023,4.0
239,200000082,BKF0194,S2,2023,9.0
240,200000082,OJF0985,S2,2023,8.5
241,200000083,OJF0985,S2,2023,7.0
242,200000083,OFQ0858,S1,2023,9.0
243,200000083,EKU7170,S2,2023,6.5
244,200000083,EKU7170,S1,2023,6.5
245,200000084,TVC5316,S1,2023,5.5
246,200000084,TVC5316,S2,2023,6.0
247,200000085,YEQ0132,S1,2023,6.5
248,200000085,BKF0194,S2,2023,5.5
249,200000085,HAT7239,S1,2023,4.0
250,200000085,TNU2322,S2,2023,7.0
251,200000086,EKU7170,S2,2023,9.0
252,200000086,BCY2747,S2,2023,10.5
253,200000086,IXU9991,S1,2023,6.0
254,200000086,TNU2322,S2,2023,4.0
255,200000087,TVC5316,S2,2023,5.0
256,200000087,BKF0194,S2,2023,4.0
257,200000088,BKF0194,S2,2023,4.0
258,200000088,OFQ0858,S2,2023,9.0
259,200000088,ZVL3575,S2,2023,5.0
260,200000088,EKU7170,S1,2023,4.0
261,200000089,EKU7170,S2,2023,10.5
262,200000089,QAO4647,S2,2023,5.5
263,200000089,JLT6168,S1,2023,7.5
264,200000090,TPU8379,S2,2023,10.5
265,200000090,OJF0985,S2,2023,4.0
266,200000090,TVC5316,S1,2023,8.0
267,200000091,JLT6168,S1,2023,6.5
268,200000091,BKF0194,S1,2023,4.0
269,200000092,EKU7170,S2,2023,10.5
270,200000092,TPU8379,S1,2023,4.0
271,200000093,BKF0194,S1,2023,4.5
272,200000093,BKF0194,S2,2023,4.5
273,200000093,ZVL3575,S2,2023,4.0
274,200000093,EKU7170,S2,2023,7.5
275,200000094,YEQ0132,S2,2023,6.5
276,200000094,OFQ0858,S2,2023,10.5
277,200000094,TPU8379,S2,2023,7.5
278,200000094,QAO4647,S1,2023,8.0
279,200000095,TVC5316,S2,2023,6.0
280,200000095,HAT7239,S1,2023,10.5
281,200000095,JLT6168,S1,2023,7.0
282,200000095,TVC5316,S2,2023,7.5
283,200000096,QAO4647,S1,2023,8.0
284,200000096,QAO4647,S1,2023,7.0
285,200000097,TNU2322,S2,2023,6.5
286,200000097,IXU9991,S1,2023,6.0
287,200000097,QAO4647,S1,2023,4.5
288,200000097,QOK6075,S1,2023,6.0
289,200000098,TNU2322,S1,2023,8.5
290,200000098,TPU8379,S2,2023,5.0
291,200000098,OFQ0858,S2,2023,6.0
292,200000098,QAO4647,S1,2023,7.5
293,200000099,OFQ0858,S1,2023,9.0
294,200000099,BCY2747,S1,2023,5.0
295,200000099,JLT6168,S1,2023,8.5
296,200000099,OFQ0858,S2,2023,7.5
297,200000100,BCY2747,S2,2023,8.5
298,200000100,QAO4647,S2,2023,6.5
299,200000101,BCY2747,S1,2023,10.5
300,200000101,OFQ0858,S2,2023,7.0
301,200000101,TPU8379,S1,2023,8.0
302,200000101,ZVL3575,S1,2023,4.0
303,200000102,HAT7239,S1,2023,10.5
304,200000102,EKU7170,S2,2023,6.5
305,200000103,YEQ0132,S2,2023,8.0
306,200000103,OFQ0858,S1,2023,5.0
307,200000103,EKU7170,S2,2023,5.5
308,200000103,QOK6075,S1,2023,7.5
309,200000104,OFQ0858,S1,2023,9.5
310,200000104,QOK6075,S1,2023,7.5
311,200000104,OJF0985,S2,2023,10.5
312,200000104,EKU7170,S2,2023,6.0
313,200000105,QOK6075,S2,2023,4.5
314,200000105,EKU7170,S1,2023,8.5
315,200000106,TNU2322,S2,2023,4.0
316,200000106,TVC5316,S1,2023,9.0
317,200000106,YEQ0132,S1,2023,8.0
318,200000106,TVC5316,S2,2023,5.5
319,200000107,QAO4647,S1,2023,4.0
320,200000107,BKF0194,S2,2023,6.5
321,200000108,JLT6168,S2,2023,7.5
322,200000108,QAO4647,S2,2023,10.5
323,200000108,OJF0985,S2,2023,8.0
324,200000109,TPU8379,S2,2023,10.5
325,200000109,TVC5316,S1,2023,5.5
326,200000109,BKF0194,S1,2023,8.5
327,200000109,TNU2322,S2,2023,6.0
328,200000110,OFQ0858,S1,2023,7.0
329,200000110,JLT6168,S2,2023,6.5
330,200000110,ZVL3575,S1,2023,4.5
331,200000111,JLT6168,S1,2023,9.5
332,200000111,TNU2322,S1,2023,7.5
333,200000111,HAT7239,S1,2023,6.5
334,200000112,QOK6075,S1,2023,8.5
335,200000112,HAT7239,S2,2023,7.0
336,200000112,TPU8379,S1,2023,9.5
337,200000113,ZVL3575,S1,2023,4.5
338,200000113,BCY2747,S1,2023,6.5
339,200000113,ZVL3575,S2,2023,10.5
340,200000114,TNU2322,S1,2023,7.0
341,200000114,HAT7239,S2,2023,4.0
342,200000115,BKF0194,S2,2023,5.5
343,200000115,TPU8379,S1,2023,9.0
344,200000115,TVC5316,S1,2023,10.5
345,200000116,OFQ0858,S2,2023,5.0
346,200000116,BKF0194,S2,2023,8.5
347,200000116,JLT6168,S1,2023,7.5
348,200000117,EKU7170,S2,2023,9.0
349,200000117,IXU9991,S1,2023,5.0
350,200000117,BCY2747,S1,2023,7.5
351,200000117,OFQ0858,S1,2023,5.5
352,200000118,EKU7170,S2,2023,4.5
353,200000118,BCY2747,S1,2023,9.5
354,200000119,BKF0194,S2,2023,5.5
355,200000119,OFQ0858,S2,2023,9.0
356,200000119,ZVL3575,S2,2023,7.0
357,200000120,QOK6075,S2,2023,6.0
358,200000120,TNU2322,S2,2023,7.0
359,200000121,EKU7170,S2,2023,6.5
360,200000121,QAO4647,S1,2023,7.0
361,200000122,QAO4647,S1,2023,9.5
362,200000122,QAO4647,S2,2023,5.5
363,200000122,OJF0985,S1,2023,5.0
364,200000123,YEQ0132,S2,2023,8.0
365,200000123,TNU2322,S1,2023,10.5
366,200000123,ZVL3575,S1,2023,9.5
367,200000124,JLT6168,S2,2023,6.0
368,200000124,JLT6168,S2,2023,5.0
369,200000124,EKU7170,S2,2023,10.5
370,200000125,OFQ0858,S2,2023,5.0
371,200000125,HAT7239,S2,2023,8.5
372,200000125,QAO4647,S1,2023,7.0
373,200000126,QAO4647,S1,2023,5.5
374,200000126,TVC5316,S1,2023,8.5
375,200000127,ZVL3575,S2,2023,4.0
376,200000127,QAO4647,S2,2023,10.5
377,200000128,OJF0985,S1,2023,5.0
378,200000128,QOK6075,S1,2023,6.0
379,200000128,TNU2322,S1,2023,8.5
380,200000129,OJF0985,S2,2023,6.5
381,200000129,YEQ0132,S1,2023,5.5
382,200000129,YEQ0132,S1,2023,8.0
383,200000130,IXU9991,S1,2023,6.5
384,200000130,QAO4647,S2,2023,7.0
385,200000130,QOK6075,S2,2023,4.0
386,200000130,HAT7239,S1,2023,9.0
387,200000131,OFQ0858,S2,2023,5.0
388,200000131,TVC5316,S2,2023,10.5
389,200000131,TPU8379,S1,2023,7.5
390,200000132,BKF0194,S2,2023,8.5
391,200000132,BCY2747,S1,2023,6.0
392,200000132,BCY2747,S2,2023,7.5
393,200000133,TPU8379,S1,2023,6.5
394,200000133,OFQ0858,S2,2023,7.5
395,200000133,IXU9991,S1,2023,4.5
396,200000133,JLT6168,S1,2023,4.0
397,200000134,TPU8379,S2,2023,4.5
398,200000134,IXU9991,S1,2023,4.0
399,200000135,TVC5316,S2,2023,7.5
400,200000135,BCY2747,S2,2023,9.5
401,200000135,OFQ0858,S2,2023,8.0
402,200000136,JLT6168,S2,2023,6.0
403,200000136,OFQ0858,S1,2023,8.0
404,200000137,IXU9991,S2,2023,10.5
405,200000137,QAO4647,S2,2023,6.0
406,200000137,TNU2322,S2,2023,6.5
407,200000137,ZVL3575,S1,2023,4.0
408,200000138,QAO4647,S1,2023,5.5
409,200000138,TNU2322,S2,2023,9.5
410,200000138,YEQ0132,S2,2023,9.5
411,200000138,BCY2747,S2,2023,10.5
412,200000139,QOK6075,S2,2023,6.5
413,200000139,TVC5316,S1,2023,8.0
414,200000139,EKU7170,S1,2023,5.0
415,200000140,TPU8379,S1,2023,6.0
416,200000140,QAO4647,S2,2023,7.5
417,200000140,QAO4647,S2,2023,5.5
418,200000140,TNU2322,S2,2023,9.5
419,200000141,YEQ0132,S2,2023,8.5
420,200000141,EKU7170,S2,2023,4.5
421,200000142,OFQ0858,S1,2023,4.5
422,200000142,TPU8379,S2,2023,8.5
423,200000142,IXU9991,S2,2023,7.5
424,200000143,EKU7170,S1,2023,6.0
425,200000143,OJF0985,S1,2023,8.0
426,200000143,JLT6168,S1,2023,8.0
427,200000144,IXU9991,S1,2023,8.5
428,200000144,QOK6075,S2,2023,9.0
429,200000144,IXU9991,S2,2023,5.5
430,200000144,YEQ0132,S1,2023,5.5
431,200000145,TVC5316,S1,2023,9.5
432,200000145,TVC5316,S2,2023,10.5
433,200000146,JLT6168,S1,2023,7.0
434,200000146,OJF0985,S2,2023,5.0
435,200000146,EKU7170,S1,2023,7.5
436,200000147,ZVL3575,S2,2023,7.0
437,200000147,IXU9991,S1,2023,9.0
438,200000147,OFQ0858,S2,2023,8.5
439,200000147,OFQ0858,S1,2023,8.0
440,200000148,OJF0985,S1,2023,10.5
441,200000148,EKU7170,S2,2023,4.0
442,200000149,OJF0985,S1,2023,9.0
443,200000149,TPU8379,S1,2023,9.0
444,200000150,BCY2747,S1,2023,8.5
445,200000150,QAO4647,S2,2023,5.5
446,200000150,EKU7170,S2,2023,6.0
447,200000150,EKU7170,S2,2023,5.0
448,200000151,JLT6168,S1,2023,7.5
449,200000151,QAO4647,S1,2023,6.5
450,200000151,TPU8379,S2,2023,5.0
451,200000151,TPU8379,S1,2023,9.5
452,200000152,ZVL3575,S2,2023,9.5
453,200000152,IXU9991,S2,2023,6.5
454,200000152,HAT7239,S1,2023,6.0
455,200000152,TNU2322,S2,2023,9.5
456,200000153,BKF0194,S2,2023,7.5
457,200000153,HAT7239,S2,2023,5.5
458,200000153,QAO4647,S2,2023,5.5
459,200000153,HAT7239,S2,2023,6.0
460,200000154,BCY2747,S1,2023,6.5
461,200000154,EKU7170,S1,2023,7.5
462,200000155,ZVL3575,S1,2023,4.5
463,200000155,QAO4647,S2,2023,9.5
464,200000155,OJF0985,S2,2023,6.0
465,200000156,ZVL3575,S1,2023,9.0
466,200000156,TNU2322,S2,2023,5.0
467,200000156,JLT6168,S1,2023,7.0
468,200000157,HAT7239,S2,2023,9.0
469,200000157,IXU9991,S1,2023,4.0
470,200000157,EKU7170,S2,2023,4.5
471,200000157,TVC5316,S1,2023,8.0
472,200000158,YEQ0132,S1,2023,9.0
473,200000158,TVC5316,S1,2023,4.5
474,200000159,TVC5316,S1,2023,8.0
475,200000159,QOK6075,S1,2023,9.5
476,200000159,EKU7170,S2,2023,5.5
477,200000160,EKU7170,S1,2023,7.0
478,200000160,TPU8379,S1,2023,10.5
479,200000160,QAO4647,S1,2023,8.0
480,200000160,BKF0194,S2,2023,10.5
481,200000161,OJF0985,S2,2023,6.5
482,200000161,ZVL3575,S1,2023,4.0
483,200000161,ZVL3575,S2,2023,9.0
484,200000161,EKU7170,S2,2023,6.5
485,200000162,IXU9991,S1,2023,5.5
486,200000162,ZVL3575,S2,2023,6.0
487,200000163,BCY2747,S2,2023,8.0
488,200000163,TVC5316,S1,2023,8.0
489,200000163,YEQ0132,S1,2023,8.5
490,200000164,JLT6168,S1,2023,6.5
491,200000164,BKF0194,S1,2023,9.0
492,200000164,ZVL3575,S2,2023,4.5
493,200000164,OFQ0858,S2,2023,8.5
494,200000165,QOK6075,S1,2023,9.0
495,200000165,YEQ0132,S2,2023,5.5
496,200000165,ZVL3575,S2,2023,8.5
497,200000166,IXU9991,S2,2023,6.0
498,200000166,OJF0985,S2,2023,4.0
499,200000167,ZVL3575,S1,2023,6.0
500,200000167,ZVL3575,S2,2023,5.5
501,200000167,BKF0194,S1,2023,7.0
502,200000168,QOK6075,S2,2023,5.5
503,200000168,IXU9991,S1,2023,4.5
504,200000169,ZVL3575,S2,2023,4.5
505,200000169,JLT6168,S2,2023,6.0
506,200000169,JLT6168,S2,2023,4.0
507,200000169,TVC5316,S2,2023,6.0
508,200000170,TVC5316,S1,2023,6.5
509,200000170,TPU8379,S2,2023,5.5
510,200000170,BKF0194,S2,2023,7.0
511,200000171,HAT7239,S1,2023,9.0
512,200000171,QAO4647,S2,2023,6.5
513,200000172,TPU8379,S1,2023,6.5
514,200000172,BCY2747,S2,2023,6.5
515,200000172,TNU2322,S2,2023,5.0
516,200000172,QOK6075,S1,2023,9.5
517,200000173,ZVL3575,S2,2023,4.5
518,200000173,EKU7170,S1,2023,6.0
519,200000173,TPU8379,S1,2023,9.5
520,200000173,OFQ0858,S1,2023,10.5
521,200000174,TVC5316,S2,2023,4.5
522,200000174,QOK6075,S1,2023,7.0
523,200000175,IXU9991,S2,2023,6.5
524,200000175,EKU7170,S1,2023,9.0
525,200000175,TVC5316,S2,2023,7.0
526,200000175,QAO4647,S2,2023,8.0
527,200000176,JLT6168,S2,2023,7.5
528,200000176,BKF0194,S1,2023,10.5
529,200000177,BKF0194,S1,2023,5.0
530,200000177,TPU8379,S1,2023,7.5
531,200000177,EKU7170,S1,2023,8.5
532,200000177,JLT6168,S2,2023,5.5
533,200000178,BCY2747,S1,2023,9.5
534,200000178,OJF0985,S1,2023,9.0
535,200000179,TPU8379,S2,2023,7.5
536,200000179,IXU9991,S2,2023,6.5
537,200000179,QOK6075,S1,2023,7.5
538,200000180,JLT6168,S1,2023,9.5
539,200000180,HAT7239,S1,2023,7.5
540,200000181,JLT6168,S1,2023,4.0
541,200000181,QOK6075,S2,2023,9.5
542,200000181,QAO4647,S1,2023,10.5
543,200000181,YEQ0132,S2,2023,7.0
544,200000182,IXU9991,S2,2023,7.0
545,200000182,JLT6168,S1,2023,8.5
546,200000182,EKU7170,S1,2023,9.5
547,200000183,IXU9991,S2,2023,10.5
548,200000183,IXU9991,S1,2023,9.0
549,200000183,BKF0194,S2,2023,5.5
550,200000184,EKU7170,S1,2023,9.0
551,200000184,TNU2322,S1,2023,5.5
552,200000185,HAT7239,S1,2023,8.5
553,200000185,TNU2322,S1,2023,4.5
554,200000185,QAO4647,S1,2023,9.0
555,200000186,IXU9991,S1,2023,8.0
556,200000186,OJF0985,S1,2023,9.5
557,200000186,HAT7239,S1,2023,8.5
558,200000187,TNU2322,S1,2023,7.0
559,200000187,OJF0985,S2,2023,6.0
560,200000187,QAO4647,S1,2023,6.5
561,200000188,ZVL3575,S1,2023,9.5
562,200000188,OJF0985,S2,2023,4.0
563,200000189,YEQ0132,S2,2023,4.0
564,200000189,EKU7170,S2,2023,8.0
565,200000190,QOK6075,S2,2023,7.5
566,200000190,ZVL3575,S1,2023,6.0
567,200000190,BKF0194,S2,2023,6.5
568,200000190,OJF0985,S1,2023,6.5
569,200000191,BCY2747,S1,2023,5.5
570,200000191,ZVL3575,S2,2023,5.0
571,200000191,TVC5316,S2,2023,6.0
572,200000192,EKU7170,S2,2023,5.0
573,200000192,OJF0985,S1,2023,6.5
574,200000193,QOK6075,S2,2023,8.5
575,200000193,TPU8379,S1,2023,6.5
576,200000193,TPU8379,S2,2023,10.5
577,200000193,TPU8379,S1,2023,5.0
578,200000194,IXU9991,S2,2023,5.5
579,200000194,ZVL3575,S2,2023,9.5
580,200000194,YEQ0132,S2,2023,6.0
581,200000194,HAT7239,S1,2023,4.5
582,200000195,HAT7239,S2,2023,10.5
583,200000195,HAT7239,S2,2023,4.5
584,200000195,ZVL3575,S1,2023,6.0
585,200000196,YEQ0132,S1,2023,7.5
586,200000196,QOK6075,S1,2023,5.5
587,200000196,YEQ0132,S2,2023,8.5
588,200000197,QAO4647,S1,2023,8.5
589,200000197,TNU2322,S1,2023,4.0
590,200000197,HAT7239,S1,2023,6.0
591,200000197,OFQ0858,S2,2023,5.0
592,200000198,QAO4647,S2,2023,5.5
593,200000198,JLT6168,S1,2023,6.5
594,200000198,QAO4647,S2,2023,5.5
595,200000199,TPU8379,S2,2023,6.0
596,200000199,TPU8379,S1,2023,7.0
597,200000199,YEQ0132,S1,2023,4.5
598,200000200,OJF0985,S1,2023,4.5
599,200000200,OJF0985,S2,2023,6.5
600,200000200,OJF0985,S2,2023,9.5
601,200000200,JLT6168,S1,2023,5.0
602,200000201,QAO4647,S1,2023,6.5
603,200000201,IXU9991,S2,2023,4.5
604,200000202,QOK6075,S1,2023,4.0
605,200000202,IXU9991,S2,2023,10.5
606,200000202,BCY2747,S1,2023,7.5
607,200000202,TPU8379,S2,2023,8.5
608,200000203,TPU8379,S2,2023,4.5
609,200000203,JLT6168,S2,2023,10.5
610,200000203,BKF0194,S2,2023,5.0
611,200000204,ZVL3575,S1,2023,10.5
612,200000204,BKF0194,S1,2023,6.5
613,200000205,YEQ0132,S1,2023,4.0
614,200000205,EKU7170,S2,2023,7.5
615,200000205,HAT7239,S2,2023,9.0
616,200000205,OJF0985,S1,2023,5.0
617,200000206,QOK6075,S2,2023,9.0
618,200000206,ZVL3575,S1,2023,7.0
619,200000206,OFQ0858,S1,2023,5.0
620,200000207,ZVL3575,S1,2023,6.0
621,200000207,IXU9991,S2,2023,8.0
622,200000208,ZVL3575,S1,2023,10.5
623,200000208,TNU2322,S1,2023,7.0
624,200000208,JLT6168,S1,2023,8.0
625,200000208,QAO4647,S2,2023,7.0
626,200000209,OFQ0858,S2,2023,10.5
627,200000209,HAT7239,S2,2023,5.5
628,200000210,TNU2322,S2,2023,5.5
629,200000210,OJF0985,S1,2023,9.5
630,200000210,JLT6168,S2,2023,9.0
631,200000211,TPU8379,S2,2023,8.0
632,200000211,TNU2322,S1,2023,10.5
633,200000211,QAO4647,S2,2023,8.0
634,200000212,TVC5316,S2,2023,7.5
635,200000212,TVC5316,S2,2023,6.0
636,200000213,IXU9991,S2,2023,6.0
637,200000213,OJF0985,S1,2023,7.5
638,200000213,TNU2322,S1,2023,5.0
639,200000213,BCY2747,S2,2023,9.5
640,200000214,IXU9991,S2,2023,8.0
641,200000214,BKF0194,S2,2023,8.5
642,200000214,HAT7239,S2,2023,7.5
643,200000214,BCY2747,S2,2023,9.5
644,200000215,TVC5316,S1,2023,4.5
645,200000215,QOK6075,S2,2023,6.5
646,200000215,OFQ0858,S2,2023,7.0
647,200000215,QOK6075,S2,2023,4.0
648,200000216,TNU2322,S2,2023,7.0
649,200000216,BCY2747,S2,2023,9.5
650,200000216,IXU9991,S1,2023,5.0
651,200000217,QOK6075,S1,2023,7.0
652,200000217,BCY2747,S2,2023,9.5
653,200000217,ZVL3575,S2,2023,6.5
654,200000218,TVC5316,S2,2023,7.5
655,200000218,ZVL3575,S2,2023,10.5
656,200000219,QAO4647,S2,2023,7.5
657,200000219,OFQ0858,S1,2023,9.5
658,200000219,BCY2747,S2,2023,7.5
659,200000219,BKF0194,S1,2023,7.0
660,200000220,EKU7170,S1,2023,4.5
661,200000220,BKF0194,S2,2023,5.0
662,200000221,QAO4647,S2,2023,7.5
663,200000221,TVC5316,S1,2023,7.0
664,200000221,QAO4647,S1,2023,10.5
665,200000221,EKU7170,S1,2023,8.5
666,200000222,YEQ0132,S1,2023,9.5
667,200000222,TNU2322,S2,2023,8.5
668,200000222,OJF0985,S1,2023,8.0
669,200000222,OFQ0858,S1,2023,4.0
670,200000223,BCY2747,S2,2023,6.5
671,200000223,TVC5316,S2,2023,8.0
672,200000224,TVC5316,S2,2023,5.0
673,200000224,TVC5316,S1,2023,7.0
674,200000224,ZVL3575,S1,2023,6.5
675,200000225,TVC5316,S1,2023,8.5
676,200000225,ZVL3575,S2,2023,5.0
677,200000225,JLT6168,S2,2023,9.5
678,200000225,TVC5316,S2,2023,6.0
679,200000226,OFQ0858,S1,2023,7.5
680,200000226,TPU8379,S1,2023,8.5
681,200000227,OFQ0858,S1,2023,4.5
682,200000227,OJF0985,S2,2023,5.5
683,200000227,IXU9991,S1,2023,6.0
684,200000228,QAO4647,S1,2023,9.5
685,200000228,HAT7239,S2,2023,8.5
686,200000229,TNU2322,S1,2023,10.5
687,200000229,YEQ0132,S2,2023,10.5
688,200000230,IXU9991,S1,2023,5.0
689,200000230,HAT7239,S2,2023,6.5
690,200000230,OJF0985,S2,2023,6.5
691,200000230,TVC5316,S1,2023,6.5
692,200000231,ZVL3575,S1,2023,8.0
693,200000231,ZVL3575,S2,2023,5.0
694,200000231,HAT7239,S2,2023,4.5
695,200000232,JLT6168,S2,2023,7.0
696,200000232,EKU7170,S1,2023,10.5
697,200000232,QOK6075,S1,2023,6.0
698,200000233,TVC5316,S2,2023,10.5
699,200000233,TVC5316,S2,2023,4.5
700,200000234,JLT6168,S2,2023,5.5
701,200000234,JLT6168,S1,2023,5.5
702,200000235,ZVL3575,S2,2023,6.5
703,200000235,ZVL3575,S1,2023,9.0
704,200000235,OJF0985,S2,2023,5.0
705,200000236,ZVL3575,S2,2023,6.0
706,200000236,QOK6075,S2,2023,9.0
707,200000236,QOK6075,S1,2023,8.5
708,200000236,BKF0194,S2,2023,7.5
709,200000237,YEQ0132,S1,2023,8.0
710,200000237,OFQ0858,S2,2023,9.5
711,200000238,QOK6075,S2,2023,8.0
712,200000238,OFQ0858,S2,2023,7.0
713,200000238,OJF0985,S1,2023,4.5
714,200000238,ZVL3575,S2,2023,8.0
715,200000239,TPU8379,S1,2023,6.5
716,200000239,EKU7170,S1,2023,9.5
717,200000240,OFQ0858,S2,2023,8.5
718,200000240,TVC5316,S2,2023,7.0
719,200000240,YEQ0132,S1,2023,7.5
720,200000240,QOK6075,S2,2023,8.5
721,200000241,TPU8379,S2,2023,6.5
722,200000241,HAT7239,S1,2023,7.0
723,200000241,TNU2322,S2,2023,6.0
724,200000241,HAT7239,S2,2023,10.5
725,200000242,QOK6075,S2,2023,6.0
726,200000242,IXU9991,S2,2023,8.5
727,200000242,IXU9991,S2,2023,7.0
728,200000243,ZVL3575,S2,2023,6.0
729,200000243,ZVL3575,S1,2023,4.5
730,200000243,TPU8379,S2,2023,5.5
731,200000243,OFQ0858,S1,2023,4.0
732,200000244,OFQ0858,S2,2023,7.0
733,200000244,BKF0194,S1,2023,6.5
734,200000245,ZVL3575,S1,2023,5.5
735,200000245,OFQ0858,S1,2023,10.5
736,200000245,BKF0194,S1,2023,8.0
737,200000246,ZVL3575,S2,2023,8.5
738,200000246,HAT7239,S1,2023,8.0
739,200000247,BCY2747,S2,2023,8.0
740,200000247,ZVL3575,S1,2023,7.0
741,200000247,YEQ0132,S2,2023,4.5
742,200000247,TVC5316,S2,2023,8.0
743,200000248,QOK6075,S1,2023,4.5
744,200000248,IXU9991,S2,2023,9.5
745,200000248,OJF0985,S1,2023,7.0
746,200000249,QOK6075,S1,2023,5.5
747,200000249,QAO4647,S1,2023,4.0
748,200000249,TPU8379,S1,2023,9.5
749,200000249,OJF0985,S1,2023,7.0
750,200000250,YEQ0132,S2,2023,8.5
751,200000250,QAO4647,S2,2023,8.5
752,200000250,HAT7239,S1,2023,6.0
753,200000251,HAT7239,S1,2023,8.0
754,200000251,YEQ0132,S2,2023,5.5
755,200000252,TNU2322,S2,2023,5.5
756,200000252,EKU7170,S2,2023,10.5
757,200000252,TVC5316,S1,2023,9.0
758,200000252,HAT7239,S1,2023,4.5
759,200000253,QOK6075,S1,2023,10.5
760,200000253,IXU9991,S1,2023,9.5
761,200000253,ZVL3575,S2,2023,6.5
762,200000254,TNU2322,S1,2023,9.0
763,200000254,IXU9991,S2,2023,9.5
764,200000254,QOK6075,S2,2023,5.0
765,200000254,QAO4647,S2,2023,4.5
766,200000255,TNU2322,S1,2023,8.0
767,200000255,BKF0194,S2,2023,9.0
768,200000255,BCY2747,S2,2023,4.0
769,200000256,TNU2322,S2,2023,7.5
770,200000256,YEQ0132,S2,2023,5.5
771,200000256,YEQ0132,S1,2023,6.5
772,200000257,ZVL3575,S1,2023,9.5
773,200000257,JLT6168,S1,2023,8.0
774,200000258,TVC5316,S2,2023,8.0
775,200000258,BCY2747,S1,2023,8.5
776,200000258,OJF0985,S2,2023,7.5
777,200000259,OJF0985,S2,2023,7.0
778,200000259,TPU8379,S1,2023,5.5
779,200000259,OJF0985,S2,2023,4.5
780,200000260,TNU2322,S2,2023,8.5
781,200000260,BKF0194,S2,2023,5.0
782,200000260,ZVL3575,S1,2023,5.5
783,200000261,OJF0985,S2,2023,6.5
784,200000261,YEQ0132,S1,2023,5.5
785,200000261,TPU8379,S1,2023,7.0
786,200000261,IXU9991,S2,2023,10.5
787,200000262,IXU9991,S2,2023,7.0
788,200000262,TNU2322,S1,2023,5.0
789,200000263,BKF0194,S1,2023,4.0
790,200000263,HAT7239,S2,2023,10.5
791,200000264,HAT7239,S1,2023,5.0
792,200000264,HAT7239,S1,2023,6.0
793,200000264,YEQ0132,S2,2023,9.0
794,200000264,HAT7239,S1,2023,9.0
795,200000265,YEQ0132,S2,2023,9.0
796,200000265,BKF0194,S2,2023,5.5
797,200000265,OFQ0858,S1,2023,10.5
798,200000266,HAT7239,S1,2023,4.0
799,200000266,BKF0194,S2,2023,4.0
800,200000267,JLT6168,S2,2023,9.0
801,200000267,IXU9991,S2,2023,4.0
802,200000267,OJF0985,S1,2023,5.5
803,200000268,IXU9991,S2,2023,4.5
804,200000268,BCY2747,S1,2023,8.0
805,200000268,QAO4647,S1,2023,7.5
806,200000268,YEQ0132,S1,2023,4.0
807,200000269,HAT7239,S2,2023,9.0
808,200000269,OFQ0858,S1,2023,5.5
809,200000269,HAT7239,S2,2023,4.5
810,200000270,OFQ0858,S2,2023,6.5
811,200000270,HAT7239,S1,2023,9.5
812,200000270,EKU7170,S1,2023,9.5
813,200000271,EKU7170,S2,2023,7.5
814,200000271,BKF0194,S1,2023,5.5
815,200000272,YEQ0132,S2,2023,9.5
816,200000272,TPU8379,S2,2023,9.0
817,200000272,QOK6075,S1,2023,6.5
818,200000272,QAO4647,S2,2023,8.0
819,200000273,YEQ0132,S1,2023,5.0
820,200000273,IXU9991,S2,2023,10.5
821,200000274,BKF0194,S2,2023,4.5
822,200000274,QOK6075,S1,2023,4.0
823,200000274,BCY2747,S2,2023,5.5
824,200000275,IXU9991,S2,2023,10.5
825,200000275,YEQ0132,S2,2023,7.0
826,200000275,TNU2322,S2,2023,5.5
827,200000276,JLT6168,S1,2023,5.0
828,200000276,TVC5316,S1,2023,6.0
829,200000276,EKU7170,S2,2023,5.5
830,200000276,EKU7170,S2,2023,5.0
831,200000277,QOK6075,S2,2023,4.5
832,200000277,JLT6168,S2,2023,9.5
833,200000278,OFQ0858,S2,2023,9.5
834,200000278,QOK6075,S1,2023,8.0
835,200000278,OFQ0858,S1,2023,4.5
836,200000278,BCY2747,S2,2023,10.5
837,200000279,ZVL3575,S2,2023,9.5
838,200000279,TPU8379,S1,2023,4.0
839,200000279,IXU9991,S1,2023,8.5
840,200000280,ZVL3575,S2,2023,4.0
841,200000280,EKU7170,S2,2023,6.5
842,200000281,TNU2322,S1,2023,8.5
843,200000281,HAT7239,S2,2023,8.0
844,200000281,YEQ0132,S2,2023,5.5
845,200000281,JLT6168,S1,2023,4.0
846,200000282,EKU7170,S2,2023,8.0
847,200000282,IXU9991,S2,2023,7.0
848,200000283,YEQ0132,S2,2023,10.5
849,200000283,OJF0985,S2,2023,6.5
850,200000284,EKU7170,S1,2023,4.5
851,200000284,JLT6168,S1,2023,5.5
852,200000285,BKF0194,S1,2023,6.0
853,200000285,YEQ0132,S1,2023,5.5
854,200000286,TPU8379,S2,2023,5.5
855,200000286,TNU2322,S1,2023,7.5
856,200000286,HAT7239,S1,2023,6.0
857,200000287,YEQ0132,S1,2023,6.5
858,200000287,EKU7170,S2,2023,6.5
859,200000287,TVC5316,S2,2023,10.5
860,200000288,QAO4647,S1,2023,9.0
861,200000288,TVC5316,S1,2023,6.5
862,200000289,ZVL3575,S1,2023,7.5
863,200000289,QOK6075,S2,2023,6.0
864,200000290,HAT7239,S2,2023,9.5
865,200000290,YEQ0132,S2,2023,9.5
866,200000290,QOK6075,S2,2023,6.5
867,200000290,BKF0194,S2,2023,9.0
868,200000291,QOK6075,S1,2023,8.0
869,200000291,OJF0985,S2,2023,8.5
870,200000291,IXU9991,S2,2023,5.0
871,200000291,BKF0194,S2,2023,6.0
872,200000292,JLT6168,S1,2023,8.5
873,200000292,BCY2747,S1,2023,5.0
874,200000292,QOK6075,S2,2023,10.5
875,200000292,BKF0194,S1,2023,8.0
876,200000293,EKU7170,S2,2023,7.5
877,200000293,EKU7170,S1,2023,7.0
878,200000293,TNU2322,S1,2023,8.5
879,200000293,YEQ0132,S2,2023,7.5
880,200000294,HAT7239,S1,2023,9.5
881,200000294,ZVL3575,S2,2023,9.0
882,200000294,TPU8379,S2,2023,6.5
883,200000295,BKF0194,S2,2023,10.5
884,200000295,QAO4647,S2,2023,4.0
885,200000295,BCY2747,S2,2023,8.5
886,200000295,JLT6168,S2,2023,9.5
887,200000296,BCY2747,S1,2023,6.0
888,200000296,EKU7170,S1,2023,7.0
889,200000297,TPU8379,S2,2023,8.5
890,200000297,BCY2747,S1,2023,7.0
891,200000298,YEQ0132,S1,2023,7.5
892,200000298,EKU7170,S2,2023,8.5
893,200000299,YEQ0132,S2,2023,9.5
894,200000299,TVC5316,S1,2023,6.0
895,200000300,TVC5316,S1,2023,8.5
896,200000300,HAT7239,S2,2023,5.0
